{
  "MAE": 4.365186841666671,
  "RMSE": 5.34583969806659,
  "R2": 0.9854701811214962,
  "n_test": 400
}