{
  "prec@1": 0.295,
  "recall@1": 0.009833333333333333,
  "prec@3": 0.2816666666666666,
  "recall@3": 0.02816666666666667,
  "prec@5": 0.2805,
  "recall@5": 0.04675,
  "prec@10": 0.26825000000000004,
  "recall@10": 0.08941666666666666,
  "MAP@10": 0.07035585317460318
}